id,label,group,size,color,degree
"Demo/ThemeColorSwitcher/ThemeColorProvider.tsx","ThemeColorProvider.tsx","other",5.06,#5a5a78,3
"Demo/ThemeColorSwitcher/ThemeColorSwitcher.tsx","ThemeColorSwitcher.tsx","other",5.18,#5a5a78,2
"Demo/ThemeColorSwitcher/index.ts","index.ts","other",3.30,#5a5a78,3
"Demo/ThemeColorSwitcher/themes.ts","themes.ts","other",4.42,#5a5a78,2
"__tests__/agent-helpers.test.ts","agent-helpers.test.ts","tests",5.07,#66ff8c,1
"__tests__/bridge-helpers.test.ts","bridge-helpers.test.ts","tests",4.39,#66ff8c,1
"__tests__/dedup.test.ts","dedup.test.ts","tests",4.63,#66ff8c,1
"admin-console.ts","admin-console.ts","core-be",15.00,#ff6b6b,8
"agent-bus-routes.ts","agent-bus-routes.ts","other",6.21,#5a5a78,2
"agent-bus/index.ts","index.ts","agent-bus",7.00,#7986cb,5
"agent-bus/sign.ts","sign.ts","agent-bus",5.67,#7986cb,2
"agent-gas-sync.ts","agent-gas-sync.ts","core-be",4.89,#ff6b6b,3
"agent-helpers.ts","agent-helpers.ts","other",4.75,#5a5a78,2
"alpha-bot.ts","alpha-bot.ts","other",5.43,#5a5a78,3
"bridge.ts","bridge.ts","core-be",7.98,#ff6b6b,10
"budgets.ts","budgets.ts","core-be",6.48,#ff6b6b,4
"card-balance-sync.ts","card-balance-sync.ts","core-be",5.37,#ff6b6b,5
"components/CreditCard/components/CardContent.tsx","CardContent.tsx","components",3.10,#5dd4ff,1
"components/CreditCard/components/index.ts","index.ts","components",2.80,#5dd4ff,2
"components/CreditCard/config/creditCard.config.ts","creditCard.config.ts","components",3.13,#5dd4ff,1
"components/CreditCard/index.tsx","index.tsx","components",5.85,#5dd4ff,3
"components/DataStatusPill.tsx","DataStatusPill.tsx","components",3.88,#5dd4ff,1
"components/DraggableStatCards/components/DraggableStatsGrid.tsx","DraggableStatsGrid.tsx","components",4.91,#5dd4ff,5
"components/DraggableStatCards/components/StatCard.tsx","StatCard.tsx","components",5.01,#5dd4ff,4
"components/DraggableStatCards/components/StatCardContent.tsx","StatCardContent.tsx","components",4.21,#5dd4ff,2
"components/DraggableStatCards/components/index.ts","index.ts","components",3.39,#5dd4ff,4
"components/DraggableStatCards/config/constants.ts","constants.ts","components",3.17,#5dd4ff,1
"components/DraggableStatCards/config/index.ts","index.ts","components",3.31,#5dd4ff,5
"components/DraggableStatCards/hooks/index.ts","index.ts","components",3.32,#5dd4ff,4
"components/DraggableStatCards/hooks/useDragSensors.ts","useDragSensors.ts","components",3.36,#5dd4ff,2
"components/DraggableStatCards/hooks/useStatsOrder.ts","useStatsOrder.ts","components",5.08,#5dd4ff,3
"components/DraggableStatCards/index.ts","index.ts","components",3.75,#5dd4ff,5
"components/DraggableStatCards/types.ts","types.ts","components",4.33,#5dd4ff,4
"components/InlineAlert.tsx","InlineAlert.tsx","components",3.79,#5dd4ff,1
"components/LanguageSelector.tsx","LanguageSelector.tsx","components",4.70,#5dd4ff,1
"components/LocaleHandler.tsx","LocaleHandler.tsx","components",3.10,#5dd4ff,1
"components/PageHeader/components/Greeting.tsx","Greeting.tsx","components",3.63,#5dd4ff,1
"components/PageHeader/components/PageTitle.tsx","PageTitle.tsx","components",3.20,#5dd4ff,1
"components/PageHeader/components/QuickActions.tsx","QuickActions.tsx","components",3.78,#5dd4ff,1
"components/PageHeader/components/index.ts","index.ts","components",3.36,#5dd4ff,4
"components/PageHeader/index.tsx","index.tsx","components",3.59,#5dd4ff,1
"components/PhoneInput.tsx","PhoneInput.tsx","components",5.32,#5dd4ff,1
"components/ShineBadge.tsx","ShineBadge.tsx","components",4.00,#5dd4ff,1
"components/SkeletonBlock.tsx","SkeletonBlock.tsx","components",2.94,#5dd4ff,1
"components/SmoothTabs.tsx","SmoothTabs.tsx","components",5.86,#5dd4ff,1
"components/WorldMap/components/MapGeographies.tsx","MapGeographies.tsx","components",4.02,#5dd4ff,3
"components/WorldMap/components/ZoomControls.tsx","ZoomControls.tsx","components",3.64,#5dd4ff,1
"components/WorldMap/components/index.ts","index.ts","components",3.17,#5dd4ff,3
"components/WorldMap/config.ts","config.ts","components",3.79,#5dd4ff,4
"components/WorldMap/hooks/index.ts","index.ts","components",3.15,#5dd4ff,3
"components/WorldMap/hooks/useGeographies.ts","useGeographies.ts","components",3.24,#5dd4ff,1
"components/WorldMap/hooks/useMapPosition.ts","useMapPosition.ts","components",4.38,#5dd4ff,3
"components/WorldMap/index.tsx","index.tsx","components",4.48,#5dd4ff,5
"components/WorldMap/types.ts","types.ts","components",4.15,#5dd4ff,4
"components/aurora.tsx","aurora.tsx","components",4.75,#5dd4ff,1
"components/calendar.tsx","calendar.tsx","components",5.56,#5dd4ff,1
"components/charts/SummaryStatItem.tsx","SummaryStatItem.tsx","components",3.52,#5dd4ff,1
"components/charts/areaChart.tsx","areaChart.tsx","components",5.49,#5dd4ff,1
"components/charts/barChart.tsx","barChart.tsx","components",4.66,#5dd4ff,2
"components/charts/chartTooltip.tsx","chartTooltip.tsx","components",4.14,#5dd4ff,3
"components/charts/donutChart.tsx","donutChart.tsx","components",4.92,#5dd4ff,1
"components/charts/index.ts","index.ts","components",4.11,#5dd4ff,6
"components/charts/simpleAreaChart.tsx","simpleAreaChart.tsx","components",5.04,#5dd4ff,2
"components/counter.tsx","counter.tsx","components",4.49,#5dd4ff,1
"components/country-select.tsx","country-select.tsx","components",4.93,#5dd4ff,1
"components/date-picker.tsx","date-picker.tsx","components",4.22,#5dd4ff,1
"components/dateRangePicker.tsx","dateRangePicker.tsx","components",6.55,#5dd4ff,1
"components/dropdown.tsx","dropdown.tsx","components",4.50,#5dd4ff,2
"components/form-field.tsx","form-field.tsx","components",3.29,#5dd4ff,1
"components/iconButton.tsx","iconButton.tsx","components",3.45,#5dd4ff,1
"components/index.ts","index.ts","components",5.94,#5dd4ff,27
"components/progressLink.tsx","progressLink.tsx","components",3.37,#5dd4ff,1
"components/settings-section.tsx","settings-section.tsx","components",3.65,#5dd4ff,1
"components/themeToggle.tsx","themeToggle.tsx","components",3.99,#5dd4ff,1
"components/tooltip-bridge.tsx","tooltip-bridge.tsx","components",3.64,#5dd4ff,2
"components/ui/Input.tsx","Input.tsx","components",4.30,#5dd4ff,1
"components/ui/avatar.tsx","avatar.tsx","components",3.99,#5dd4ff,1
"components/ui/badge.tsx","badge.tsx","components",4.07,#5dd4ff,1
"components/ui/button.tsx","button.tsx","components",4.28,#5dd4ff,2
"components/ui/card.tsx","card.tsx","components",4.38,#5dd4ff,1
"components/ui/checkbox.tsx","checkbox.tsx","components",3.53,#5dd4ff,1
"components/ui/dialog.tsx","dialog.tsx","components",4.52,#5dd4ff,1
"components/ui/dropdown-menu.tsx","dropdown-menu.tsx","components",5.42,#5dd4ff,2
"components/ui/form-field.tsx","form-field.tsx","components",3.70,#5dd4ff,1
"components/ui/icon-button.tsx","icon-button.tsx","components",3.99,#5dd4ff,1
"components/ui/index.ts","index.ts","components",5.80,#5dd4ff,22
"components/ui/label.tsx","label.tsx","components",3.27,#5dd4ff,1
"components/ui/pagination.tsx","pagination.tsx","components",5.58,#5dd4ff,2
"components/ui/popover.tsx","popover.tsx","components",4.38,#5dd4ff,1
"components/ui/select.tsx","select.tsx","components",4.81,#5dd4ff,1
"components/ui/separator.tsx","separator.tsx","components",3.29,#5dd4ff,1
"components/ui/sheet.tsx","sheet.tsx","components",4.69,#5dd4ff,1
"components/ui/switch.tsx","switch.tsx","components",3.94,#5dd4ff,1
"components/ui/table.tsx","table.tsx","components",4.43,#5dd4ff,1
"components/ui/tabs.tsx","tabs.tsx","components",3.89,#5dd4ff,1
"components/ui/textarea.tsx","textarea.tsx","components",3.36,#5dd4ff,1
"components/ui/tooltip.tsx","tooltip.tsx","components",3.96,#5dd4ff,2
"config.ts","config.ts","other",6.74,#5a5a78,18
"db.ts","db.ts","other",4.79,#5a5a78,8
"dwolla-client.ts","dwolla-client.ts","other",5.59,#5a5a78,2
"error-reporter.ts","error-reporter.ts","other",5.16,#5a5a78,8
"execution-dispatch.ts","execution-dispatch.ts","core-be",10.27,#ff6b6b,11
"features/auth/AuthInitializer.tsx","AuthInitializer.tsx","features",3.24,#16e0a9,1
"features/auth/ProtectedRoute.tsx","ProtectedRoute.tsx","features",3.89,#16e0a9,1
"features/auth/components/DemoCredentialsCard/config.ts","config.ts","features",2.62,#16e0a9,1
"features/auth/components/DemoCredentialsCard/index.tsx","index.tsx","features",3.92,#16e0a9,2
"features/auth/components/LoginForm/components/LoginFormFields.tsx","LoginFormFields.tsx","features",4.63,#16e0a9,2
"features/auth/components/LoginForm/components/LoginFormFooter.tsx","LoginFormFooter.tsx","features",2.57,#16e0a9,1
"features/auth/components/LoginForm/components/LoginFormHeader.tsx","LoginFormHeader.tsx","features",4.01,#16e0a9,1
"features/auth/components/LoginForm/components/RememberMe.tsx","RememberMe.tsx","features",3.81,#16e0a9,2
"features/auth/components/LoginForm/components/SubmitButton.tsx","SubmitButton.tsx","features",4.13,#16e0a9,1
"features/auth/components/LoginForm/components/index.ts","index.ts","features",3.79,#16e0a9,6
"features/auth/components/LoginForm/config.ts","config.ts","features",2.95,#16e0a9,1
"features/auth/components/LoginForm/hooks/index.ts","index.ts","features",3.26,#16e0a9,4
"features/auth/components/LoginForm/hooks/useLoginForm.ts","useLoginForm.ts","features",3.93,#16e0a9,2
"features/auth/components/LoginForm/index.tsx","index.tsx","features",7.22,#16e0a9,4
"features/auth/components/LoginHeader/index.tsx","index.tsx","features",3.20,#16e0a9,1
"features/auth/components/SocialLoginButtons/GoogleGMark.tsx","GoogleGMark.tsx","features",3.54,#16e0a9,1
"features/auth/components/SocialLoginButtons/SocialLoginSection.tsx","SocialLoginSection.tsx","features",3.90,#16e0a9,2
"features/auth/components/SocialLoginButtons/SocialLoginWithPrivy.tsx","SocialLoginWithPrivy.tsx","features",3.56,#16e0a9,2
"features/auth/components/SocialLoginButtons/TelegramPlaneMark.tsx","TelegramPlaneMark.tsx","features",3.47,#16e0a9,1
"features/auth/components/SocialLoginButtons/config.ts","config.ts","features",3.64,#16e0a9,3
"features/auth/components/SocialLoginButtons/index.tsx","index.tsx","features",5.32,#16e0a9,5
"features/auth/components/index.ts","index.ts","features",3.96,#16e0a9,7
"features/auth/index.ts","index.ts","features",3.81,#16e0a9,5
"features/auth/layouts/LoginLayout/components/LoginBackground.tsx","LoginBackground.tsx","features",4.08,#16e0a9,1
"features/auth/layouts/LoginLayout/components/index.ts","index.ts","features",2.83,#16e0a9,2
"features/auth/layouts/LoginLayout/hooks/index.ts","index.ts","features",2.79,#16e0a9,2
"features/auth/layouts/LoginLayout/hooks/useLogin.ts","useLogin.ts","features",4.61,#16e0a9,2
"features/auth/layouts/LoginLayout/index.tsx","index.tsx","features",4.19,#16e0a9,4
"features/auth/layouts/index.ts","index.ts","features",2.80,#16e0a9,2
"features/dashboard/analytics/components/CategoryChart/components/CategoryDonutChart.tsx","CategoryDonutChart.tsx","features",3.68,#16e0a9,2
"features/dashboard/analytics/components/CategoryChart/components/ChartHeader.tsx","ChartHeader.tsx","features",3.83,#16e0a9,3
"features/dashboard/analytics/components/CategoryChart/config/category.config.ts","category.config.ts","features",3.35,#16e0a9,1
"features/dashboard/analytics/components/CategoryChart/index.tsx","index.tsx","features",4.28,#16e0a9,4
"features/dashboard/analytics/components/RecentTransactions/components/TransactionsTable.tsx","TransactionsTable.tsx","features",4.79,#16e0a9,2
"features/dashboard/analytics/components/RecentTransactions/config/transactions.config.ts","transactions.config.ts","features",3.89,#16e0a9,1
"features/dashboard/analytics/components/RecentTransactions/index.tsx","index.tsx","features",3.94,#16e0a9,4
"features/dashboard/analytics/components/RevenueChart/components/RevenueAreaChart.tsx","RevenueAreaChart.tsx","features",3.63,#16e0a9,2
"features/dashboard/analytics/components/RevenueChart/components/RevenueChartHeader.tsx","RevenueChartHeader.tsx","features",4.04,#16e0a9,2
"features/dashboard/analytics/components/RevenueChart/config/revenue.config.ts","revenue.config.ts","features",4.94,#16e0a9,4
"features/dashboard/analytics/components/RevenueChart/hooks/useRevenueData.ts","useRevenueData.ts","features",4.08,#16e0a9,2
"features/dashboard/analytics/components/RevenueChart/index.tsx","index.tsx","features",4.46,#16e0a9,6
"features/dashboard/analytics/components/WeeklyActivity/components/ActivityHeatmap.tsx","ActivityHeatmap.tsx","features",4.61,#16e0a9,2
"features/dashboard/analytics/components/WeeklyActivity/components/ActivityTrendChart.tsx","ActivityTrendChart.tsx","features",4.55,#16e0a9,2
"features/dashboard/analytics/components/WeeklyActivity/components/SpendingTrendChart.tsx","SpendingTrendChart.tsx","features",4.51,#16e0a9,2
"features/dashboard/analytics/components/WeeklyActivity/config/weeklyActivity.config.ts","weeklyActivity.config.ts","features",4.15,#16e0a9,4
"features/dashboard/analytics/components/WeeklyActivity/index.tsx","index.tsx","features",4.86,#16e0a9,7
"features/dashboard/analytics/components/index.ts","index.ts","features",3.61,#16e0a9,5
"features/dashboard/analytics/index.ts","index.ts","features",3.27,#16e0a9,3
"features/dashboard/analytics/layouts/AnalyticsGrid/components/AnalyticsCharts.tsx","AnalyticsCharts.tsx","features",4.07,#16e0a9,5
"features/dashboard/analytics/layouts/AnalyticsGrid/components/AnalyticsStats.tsx","AnalyticsStats.tsx","features",3.08,#16e0a9,1
"features/dashboard/analytics/layouts/AnalyticsGrid/components/index.ts","index.ts","features",3.15,#16e0a9,3
"features/dashboard/analytics/layouts/AnalyticsGrid/config/analytics.config.ts","analytics.config.ts","features",3.59,#16e0a9,1
"features/dashboard/analytics/layouts/AnalyticsGrid/config/index.ts","index.ts","features",2.93,#16e0a9,2
"features/dashboard/analytics/layouts/AnalyticsGrid/index.tsx","index.tsx","features",4.28,#16e0a9,3
"features/dashboard/analytics/layouts/index.ts","index.ts","features",2.82,#16e0a9,2
"features/dashboard/arena/config/botDirectory.ts","botDirectory.ts","features",4.22,#16e0a9,1
"features/dashboard/arena/index.tsx","index.tsx","features",6.31,#16e0a9,1
"features/dashboard/cards/components/CardDetails/components/CardBalanceHighlight.tsx","CardBalanceHighlight.tsx","features",3.63,#16e0a9,2
"features/dashboard/cards/components/CardDetails/components/CardDetailsList/components/BadgeDetailRow.tsx","BadgeDetailRow.tsx","features",3.70,#16e0a9,2
"features/dashboard/cards/components/CardDetails/components/CardDetailsList/components/CardNumberRow.tsx","CardNumberRow.tsx","features",3.77,#16e0a9,2
"features/dashboard/cards/components/CardDetails/components/CardDetailsList/components/TextDetailRow.tsx","TextDetailRow.tsx","features",3.65,#16e0a9,2
"features/dashboard/cards/components/CardDetails/components/CardDetailsList/components/index.ts","index.ts","features",3.39,#16e0a9,4
"features/dashboard/cards/components/CardDetails/components/CardDetailsList/config/cardDetailsList.config.ts","cardDetailsList.config.ts","features",3.89,#16e0a9,3
"features/dashboard/cards/components/CardDetails/components/CardDetailsList/hooks/useCardNumber.ts","useCardNumber.ts","features",3.45,#16e0a9,1
"features/dashboard/cards/components/CardDetails/components/CardDetailsList/index.tsx","index.tsx","features",4.25,#16e0a9,4
"features/dashboard/cards/components/CardDetails/components/CardQuickActions.tsx","CardQuickActions.tsx","features",4.36,#16e0a9,2
"features/dashboard/cards/components/CardDetails/components/index.ts","index.ts","features",3.42,#16e0a9,4
"features/dashboard/cards/components/CardDetails/index.tsx","index.tsx","features",3.96,#16e0a9,3
"features/dashboard/cards/components/CardListItem/components/CardInfoGrid.tsx","CardInfoGrid.tsx","features",4.10,#16e0a9,2
"features/dashboard/cards/components/CardListItem/components/CardStatusBadge.tsx","CardStatusBadge.tsx","features",3.60,#16e0a9,2
"features/dashboard/cards/components/CardListItem/components/index.ts","index.ts","features",3.15,#16e0a9,3
"features/dashboard/cards/components/CardListItem/config/cardActions.config.tsx","cardActions.config.tsx","features",3.18,#16e0a9,1
"features/dashboard/cards/components/CardListItem/index.tsx","index.tsx","features",5.27,#16e0a9,5
"features/dashboard/cards/components/CardsHeader/index.tsx","index.tsx","features",3.20,#16e0a9,1
"features/dashboard/cards/components/TransactionsModal.tsx","TransactionsModal.tsx","features",4.07,#16e0a9,1
"features/dashboard/cards/index.ts","index.ts","features",3.91,#16e0a9,6
"features/dashboard/cards/layouts/CardsGrid/components/CardsList.tsx","CardsList.tsx","features",5.10,#16e0a9,3
"features/dashboard/cards/layouts/CardsGrid/components/CardsStats.tsx","CardsStats.tsx","features",3.06,#16e0a9,1
"features/dashboard/cards/layouts/CardsGrid/components/index.ts","index.ts","features",3.12,#16e0a9,3
"features/dashboard/cards/layouts/CardsGrid/hooks/index.ts","index.ts","features",3.14,#16e0a9,3
"features/dashboard/cards/layouts/CardsGrid/hooks/useCardsState.ts","useCardsState.ts","features",4.96,#16e0a9,2
"features/dashboard/cards/layouts/CardsGrid/hooks/useCardsStats.tsx","useCardsStats.tsx","features",4.02,#16e0a9,2
"features/dashboard/cards/layouts/CardsGrid/index.tsx","index.tsx","features",7.42,#16e0a9,5
"features/dashboard/cards/layouts/index.ts","index.ts","features",2.80,#16e0a9,2
"features/dashboard/cards/shared/CardDetailRow.tsx","CardDetailRow.tsx","features",3.18,#16e0a9,1
"features/dashboard/cards/shared/index.ts","index.ts","features",4.44,#16e0a9,14
"features/dashboard/cards/shared/types.ts","types.ts","features",2.99,#16e0a9,1
"features/dashboard/index.ts","index.ts","features",5.08,#16e0a9,13
"features/dashboard/my-card-1/components/CardDetails.tsx","CardDetails.tsx","features",6.28,#16e0a9,1
"features/dashboard/my-card-1/components/CardLimits.tsx","CardLimits.tsx","features",5.07,#16e0a9,2
"features/dashboard/my-card-1/components/CardSettings.tsx","CardSettings.tsx","features",5.53,#16e0a9,1
"features/dashboard/my-card-1/components/FirstFreezeNoticeDialog.tsx","FirstFreezeNoticeDialog.tsx","features",4.08,#16e0a9,1
"features/dashboard/my-card-1/components/KycReloadHint.tsx","KycReloadHint.tsx","features",4.14,#16e0a9,1
"features/dashboard/my-card-1/components/ReloadFlow.tsx","ReloadFlow.tsx","features",9.40,#16e0a9,4
"features/dashboard/my-card-1/components/WalletDepositButton.tsx","WalletDepositButton.tsx","features",5.26,#16e0a9,1
"features/dashboard/my-card-1/components/WithdrawFlow.tsx","WithdrawFlow.tsx","features",6.70,#16e0a9,3
"features/dashboard/my-card-1/hooks/useCardControls.ts","useCardControls.ts","features",4.04,#16e0a9,1
"features/dashboard/my-card-1/index.tsx","index.tsx","features",6.38,#16e0a9,6
"features/dashboard/my-card-v2/ReloadModal.tsx","ReloadModal.tsx","features",8.17,#16e0a9,1
"features/dashboard/my-card-v2/index.tsx","index.tsx","features",6.68,#16e0a9,3
"features/dashboard/my-card-v2/useRecentTransactions.ts","useRecentTransactions.ts","features",4.00,#16e0a9,1
"features/dashboard/my-wallet/ConnectedWalletDashboard.tsx","ConnectedWalletDashboard.tsx","features",12.47,#16e0a9,7
"features/dashboard/my-wallet/ReceiveModal.tsx","ReceiveModal.tsx","features",4.57,#16e0a9,1
"features/dashboard/my-wallet/SendModal.tsx","SendModal.tsx","features",7.79,#16e0a9,2
"features/dashboard/my-wallet/SolanaWalletCard.tsx","SolanaWalletCard.tsx","features",5.57,#16e0a9,1
"features/dashboard/my-wallet/index.tsx","index.tsx","features",10.00,#16e0a9,1
"features/dashboard/my-wallet/useJupiterSwapExecutor.ts","useJupiterSwapExecutor.ts","features",5.56,#16e0a9,1
"features/dashboard/my-wallet/usePersistedIdOrder.ts","usePersistedIdOrder.ts","features",4.23,#16e0a9,1
"features/dashboard/my-wallet/useSolanaAddress.ts","useSolanaAddress.ts","features",4.19,#16e0a9,2
"features/dashboard/my-wallet/useSolanaWalletPortfolio.ts","useSolanaWalletPortfolio.ts","features",4.23,#16e0a9,2
"features/dashboard/my-wallet/useTokenWhitelist.ts","useTokenWhitelist.ts","features",4.48,#16e0a9,1
"features/dashboard/my-wallet/useWalletActivity.ts","useWalletActivity.ts","features",3.97,#16e0a9,1
"features/dashboard/my-wallet/useWalletPortfolio.ts","useWalletPortfolio.ts","features",4.68,#16e0a9,2
"features/dashboard/overview/components/BarChartWidget/components/PerformanceBarChart.tsx","PerformanceBarChart.tsx","features",4.12,#16e0a9,2
"features/dashboard/overview/components/BarChartWidget/components/PerformanceSummary.tsx","PerformanceSummary.tsx","features",3.74,#16e0a9,2
"features/dashboard/overview/components/BarChartWidget/components/index.ts","index.ts","features",3.18,#16e0a9,3
"features/dashboard/overview/components/BarChartWidget/config/barChart.config.ts","barChart.config.ts","features",4.01,#16e0a9,3
"features/dashboard/overview/components/BarChartWidget/hooks/useThemeTextColor.ts","useThemeTextColor.ts","features",3.37,#16e0a9,1
"features/dashboard/overview/components/BarChartWidget/index.tsx","index.tsx","features",4.99,#16e0a9,7
"features/dashboard/overview/components/CardSection/AccountInfo/components/AccountHeader.tsx","AccountHeader.tsx","features",3.60,#16e0a9,1
"features/dashboard/overview/components/CardSection/AccountInfo/components/ActionButton.tsx","ActionButton.tsx","features",3.48,#16e0a9,1
"features/dashboard/overview/components/CardSection/AccountInfo/components/ActionButtons.tsx","ActionButtons.tsx","features",4.01,#16e0a9,1
"features/dashboard/overview/components/CardSection/AccountInfo/components/BalanceDisplay.tsx","BalanceDisplay.tsx","features",4.11,#16e0a9,1
"features/dashboard/overview/components/CardSection/AccountInfo/components/index.ts","index.ts","features",3.60,#16e0a9,5
"features/dashboard/overview/components/CardSection/AccountInfo/hooks/index.ts","index.ts","features",2.84,#16e0a9,2
"features/dashboard/overview/components/CardSection/AccountInfo/hooks/useAccountBalance.ts","useAccountBalance.ts","features",3.62,#16e0a9,1
"features/dashboard/overview/components/CardSection/AccountInfo/index.tsx","index.tsx","features",3.90,#16e0a9,3
"features/dashboard/overview/components/CardSection/CardStack/config/cardStack.config.ts","cardStack.config.ts","features",4.50,#16e0a9,3
"features/dashboard/overview/components/CardSection/CardStack/hooks/index.ts","index.ts","features",3.15,#16e0a9,3
"features/dashboard/overview/components/CardSection/CardStack/hooks/useCardPositions.ts","useCardPositions.ts","features",3.97,#16e0a9,1
"features/dashboard/overview/components/CardSection/CardStack/hooks/useCardSwap.ts","useCardSwap.ts","features",3.57,#16e0a9,2
"features/dashboard/overview/components/CardSection/CardStack/index.tsx","index.tsx","features",4.59,#16e0a9,3
"features/dashboard/overview/components/CardSection/WithdrawModal.tsx","WithdrawModal.tsx","features",3.68,#16e0a9,1
"features/dashboard/overview/components/CardSection/index.tsx","index.tsx","features",5.79,#16e0a9,7
"features/dashboard/overview/components/SmartInvestPanel/components/BetModal.tsx","BetModal.tsx","features",5.30,#16e0a9,1
"features/dashboard/overview/components/SmartInvestPanel/components/FastTransferSection/components/AvatarRow.tsx","AvatarRow.tsx","features",4.21,#16e0a9,2
"features/dashboard/overview/components/SmartInvestPanel/components/FastTransferSection/components/TransferButton.tsx","TransferButton.tsx","features",3.82,#16e0a9,2
"features/dashboard/overview/components/SmartInvestPanel/components/FastTransferSection/components/TransferDetails/index.tsx","index.tsx","features",4.47,#16e0a9,2
"features/dashboard/overview/components/SmartInvestPanel/components/FastTransferSection/components/index.ts","index.ts","features",3.22,#16e0a9,3
"features/dashboard/overview/components/SmartInvestPanel/components/FastTransferSection/index.tsx","index.tsx","features",5.03,#16e0a9,5
"features/dashboard/overview/components/SmartInvestPanel/components/StockSection/components/CategoryTabs.tsx","CategoryTabs.tsx","features",3.30,#16e0a9,1
"features/dashboard/overview/components/SmartInvestPanel/components/StockSection/components/StockItem.tsx","StockItem.tsx","features",4.65,#16e0a9,4
"features/dashboard/overview/components/SmartInvestPanel/components/StockSection/components/StockList.tsx","StockList.tsx","features",3.96,#16e0a9,3
"features/dashboard/overview/components/SmartInvestPanel/components/StockSection/components/index.ts","index.ts","features",3.37,#16e0a9,4
"features/dashboard/overview/components/SmartInvestPanel/components/StockSection/index.tsx","index.tsx","features",4.01,#16e0a9,3
"features/dashboard/overview/components/SmartInvestPanel/config/smartInvest.config.tsx","smartInvest.config.tsx","features",4.55,#16e0a9,4
"features/dashboard/overview/components/SmartInvestPanel/hooks/usePolymarketData.ts","usePolymarketData.ts","features",4.24,#16e0a9,2
"features/dashboard/overview/components/SmartInvestPanel/index.tsx","index.tsx","features",4.54,#16e0a9,7
"features/dashboard/overview/components/StatisticsChart/components/StatisticsAreaChart.tsx","StatisticsAreaChart.tsx","features",3.99,#16e0a9,2
"features/dashboard/overview/components/StatisticsChart/config/statistics.config.ts","statistics.config.ts","features",3.82,#16e0a9,2
"features/dashboard/overview/components/StatisticsChart/hooks/useThemeTextColor.ts","useThemeTextColor.ts","features",3.38,#16e0a9,1
"features/dashboard/overview/components/StatisticsChart/index.tsx","index.tsx","features",4.57,#16e0a9,7
"features/dashboard/overview/components/TransactionsPanel/components/TransactionGroup.tsx","TransactionGroup.tsx","features",3.91,#16e0a9,3
"features/dashboard/overview/components/TransactionsPanel/components/TransactionItem.tsx","TransactionItem.tsx","features",4.03,#16e0a9,1
"features/dashboard/overview/components/TransactionsPanel/config/transactions.config.ts","transactions.config.ts","features",3.79,#16e0a9,2
"features/dashboard/overview/components/TransactionsPanel/index.tsx","index.tsx","features",5.13,#16e0a9,7
"features/dashboard/overview/components/WorldMapWidget/components/TransferDetails.tsx","TransferDetails.tsx","features",4.59,#16e0a9,2
"features/dashboard/overview/components/WorldMapWidget/components/TransferMarkers.tsx","TransferMarkers.tsx","features",4.13,#16e0a9,2
"features/dashboard/overview/components/WorldMapWidget/components/index.ts","index.ts","features",3.16,#16e0a9,3
"features/dashboard/overview/components/WorldMapWidget/config/worldMap.config.ts","worldMap.config.ts","features",4.55,#16e0a9,3
"features/dashboard/overview/components/WorldMapWidget/index.tsx","index.tsx","features",4.52,#16e0a9,5
"features/dashboard/overview/index.ts","index.ts","features",4.15,#16e0a9,7
"features/dashboard/overview/layouts/DashboardGrid/components/DashboardHeader/components/QuickActions.tsx","QuickActions.tsx","features",4.06,#16e0a9,1
"features/dashboard/overview/layouts/DashboardGrid/components/DashboardHeader/components/QuickTransferSheet/components/CurrencySelector.tsx","CurrencySelector.tsx","features",4.05,#16e0a9,2
"features/dashboard/overview/layouts/DashboardGrid/components/DashboardHeader/components/QuickTransferSheet/components/DatePicker.tsx","DatePicker.tsx","features",3.15,#16e0a9,1
"features/dashboard/overview/layouts/DashboardGrid/components/DashboardHeader/components/QuickTransferSheet/components/DestinationToggle.tsx","DestinationToggle.tsx","features",4.32,#16e0a9,1
"features/dashboard/overview/layouts/DashboardGrid/components/DashboardHeader/components/QuickTransferSheet/components/FormFields.tsx","FormFields.tsx","features",3.97,#16e0a9,2
"features/dashboard/overview/layouts/DashboardGrid/components/DashboardHeader/components/QuickTransferSheet/components/QuickTransferSheetHeader.tsx","QuickTransferSheetHeader.tsx","features",3.32,#16e0a9,1
"features/dashboard/overview/layouts/DashboardGrid/components/DashboardHeader/components/QuickTransferSheet/components/RecipientSearch.tsx","RecipientSearch.tsx","features",5.00,#16e0a9,1
"features/dashboard/overview/layouts/DashboardGrid/components/DashboardHeader/components/QuickTransferSheet/components/SheetFooter.tsx","SheetFooter.tsx","features",3.60,#16e0a9,1
"features/dashboard/overview/layouts/DashboardGrid/components/DashboardHeader/components/QuickTransferSheet/components/index.ts","index.ts","features",4.30,#16e0a9,8
"features/dashboard/overview/layouts/DashboardGrid/components/DashboardHeader/components/QuickTransferSheet/config/constants.ts","constants.ts","features",2.96,#16e0a9,1
"features/dashboard/overview/layouts/DashboardGrid/components/DashboardHeader/components/QuickTransferSheet/config/index.ts","index.ts","features",3.66,#16e0a9,6
"features/dashboard/overview/layouts/DashboardGrid/components/DashboardHeader/components/QuickTransferSheet/config/schema.ts","schema.ts","features",3.52,#16e0a9,1
"features/dashboard/overview/layouts/DashboardGrid/components/DashboardHeader/components/QuickTransferSheet/hooks/index.ts","index.ts","features",3.18,#16e0a9,3
"features/dashboard/overview/layouts/DashboardGrid/components/DashboardHeader/components/QuickTransferSheet/hooks/useQuickTransferForm.ts","useQuickTransferForm.ts","features",3.55,#16e0a9,2
"features/dashboard/overview/layouts/DashboardGrid/components/DashboardHeader/components/QuickTransferSheet/hooks/useTransferSubmit.ts","useTransferSubmit.ts","features",4.18,#16e0a9,2
"features/dashboard/overview/layouts/DashboardGrid/components/DashboardHeader/components/QuickTransferSheet/index.tsx","index.tsx","features",5.05,#16e0a9,4
"features/dashboard/overview/layouts/DashboardGrid/components/DashboardHeader/index.tsx","index.tsx","features",3.56,#16e0a9,2
"features/dashboard/overview/layouts/DashboardGrid/components/WidgetGrid.tsx","WidgetGrid.tsx","features",4.71,#16e0a9,7
"features/dashboard/overview/layouts/DashboardGrid/config/animations.ts","animations.ts","features",2.72,#16e0a9,1
"features/dashboard/overview/layouts/DashboardGrid/context/DashboardDateRangeContext.tsx","DashboardDateRangeContext.tsx","features",3.69,#16e0a9,3
"features/dashboard/overview/layouts/DashboardGrid/index.tsx","index.tsx","features",3.82,#16e0a9,5
"features/dashboard/overview/shared/WidgetCard.tsx","WidgetCard.tsx","features",4.38,#16e0a9,1
"features/dashboard/overview/shared/index.ts","index.ts","features",3.80,#16e0a9,7
"features/dashboard/settings/components/CardsContent/index.tsx","index.tsx","features",6.65,#16e0a9,1
"features/dashboard/settings/components/NotificationsContent/index.tsx","index.tsx","features",4.90,#16e0a9,2
"features/dashboard/settings/components/PlanBillingContent/index.tsx","index.tsx","features",5.34,#16e0a9,1
"features/dashboard/settings/components/PreferencesContent/PayoutDestinationSetting.tsx","PayoutDestinationSetting.tsx","features",4.43,#16e0a9,1
"features/dashboard/settings/components/PreferencesContent/config.ts","config.ts","features",4.15,#16e0a9,1
"features/dashboard/settings/components/PreferencesContent/hooks/index.ts","index.ts","features",2.99,#16e0a9,2
"features/dashboard/settings/components/PreferencesContent/hooks/usePreferencesState.ts","usePreferencesState.ts","features",4.02,#16e0a9,1
"features/dashboard/settings/components/PreferencesContent/index.tsx","index.tsx","features",5.17,#16e0a9,5
"features/dashboard/settings/components/PrivacyDataContent/index.tsx","index.tsx","features",6.43,#16e0a9,2
"features/dashboard/settings/components/ProfileContent/components/ProfileFormFields.tsx","ProfileFormFields.tsx","features",4.49,#16e0a9,2
"features/dashboard/settings/components/ProfileContent/components/ProfileHeader.tsx","ProfileHeader.tsx","features",4.74,#16e0a9,2
"features/dashboard/settings/components/ProfileContent/components/index.ts","index.ts","features",2.94,#16e0a9,2
"features/dashboard/settings/components/ProfileContent/config.ts","config.ts","features",4.12,#16e0a9,3
"features/dashboard/settings/components/ProfileContent/hooks/index.ts","index.ts","features",2.52,#16e0a9,1
"features/dashboard/settings/components/ProfileContent/hooks/useProfileState.ts","useProfileState.ts","features",4.21,#16e0a9,2
"features/dashboard/settings/components/ProfileContent/index.tsx","index.tsx","features",4.97,#16e0a9,2
"features/dashboard/settings/components/SecurityContent/hooks/index.ts","index.ts","features",2.53,#16e0a9,1
"features/dashboard/settings/components/SecurityContent/hooks/useSecurityState.ts","useSecurityState.ts","features",3.05,#16e0a9,1
"features/dashboard/settings/components/SecurityContent/index.tsx","index.tsx","features",4.77,#16e0a9,2
"features/dashboard/settings/components/SettingRow/index.tsx","index.tsx","features",4.41,#16e0a9,7
"features/dashboard/settings/components/SettingsNavigation/index.tsx","index.tsx","features",3.86,#16e0a9,1
"features/dashboard/settings/components/SubscriptionContent/components/UpgradeModal.tsx","UpgradeModal.tsx","features",5.71,#16e0a9,1
"features/dashboard/settings/components/SubscriptionContent/index.tsx","index.tsx","features",5.32,#16e0a9,2
"features/dashboard/settings/components/WalletsContent/index.tsx","index.tsx","features",6.29,#16e0a9,1
"features/dashboard/settings/components/index.ts","index.ts","features",4.87,#16e0a9,14
"features/dashboard/settings/index.ts","index.ts","features",3.43,#16e0a9,3
"features/dashboard/settings/layouts/SettingsLayout/components/SettingsContent.tsx","SettingsContent.tsx","features",4.02,#16e0a9,2
"features/dashboard/settings/layouts/SettingsLayout/components/index.ts","index.ts","features",2.87,#16e0a9,2
"features/dashboard/settings/layouts/SettingsLayout/hooks/index.ts","index.ts","features",2.83,#16e0a9,2
"features/dashboard/settings/layouts/SettingsLayout/hooks/useSettingsState.ts","useSettingsState.ts","features",3.60,#16e0a9,2
"features/dashboard/settings/layouts/SettingsLayout/index.tsx","index.tsx","features",4.46,#16e0a9,4
"features/dashboard/settings/layouts/index.ts","index.ts","features",2.82,#16e0a9,2
"features/dashboard/transactions/TransactionsTable.tsx","TransactionsTable.tsx","features",3.18,#16e0a9,2
"features/dashboard/transactions/components/AddTransactionDialog.tsx","AddTransactionDialog.tsx","features",5.20,#16e0a9,2
"features/dashboard/transactions/components/CardsSelector.tsx","CardsSelector.tsx","features",4.62,#16e0a9,2
"features/dashboard/transactions/components/ExportTransactionsButton.tsx","ExportTransactionsButton.tsx","features",4.79,#16e0a9,2
"features/dashboard/transactions/components/SimpleDateRangeDialog.tsx","SimpleDateRangeDialog.tsx","features",4.41,#16e0a9,1
"features/dashboard/transactions/components/TransactionActions.tsx","TransactionActions.tsx","features",5.15,#16e0a9,7
"features/dashboard/transactions/components/TransactionDateRangeDialog.tsx","TransactionDateRangeDialog.tsx","features",4.17,#16e0a9,1
"features/dashboard/transactions/components/TransactionFilterDialog.tsx","TransactionFilterDialog.tsx","features",4.99,#16e0a9,2
"features/dashboard/transactions/components/TransactionsTable/TransactionsTable.tsx","TransactionsTable.tsx","features",4.97,#16e0a9,4
"features/dashboard/transactions/components/TransactionsTable/components/DataTable/DesktopTable.tsx","DesktopTable.tsx","features",4.61,#16e0a9,2
"features/dashboard/transactions/components/TransactionsTable/components/DataTable/index.tsx","index.tsx","features",3.58,#16e0a9,3
"features/dashboard/transactions/components/TransactionsTable/components/LoadingState/index.tsx","index.tsx","features",3.17,#16e0a9,1
"features/dashboard/transactions/components/TransactionsTable/components/SearchAndFilters/index.tsx","index.tsx","features",5.53,#16e0a9,2
"features/dashboard/transactions/components/TransactionsTable/components/TablePagination/index.tsx","index.tsx","features",3.77,#16e0a9,2
"features/dashboard/transactions/components/TransactionsTable/components/index.ts","index.ts","features",3.60,#16e0a9,5
"features/dashboard/transactions/components/TransactionsTable/hooks/index.ts","index.ts","features",2.83,#16e0a9,2
"features/dashboard/transactions/components/TransactionsTable/hooks/useTableColumns.tsx","useTableColumns.tsx","features",5.67,#16e0a9,3
"features/dashboard/transactions/components/TransactionsTable/index.ts","index.ts","features",3.46,#16e0a9,4
"features/dashboard/transactions/components/TransactionsTable/types.ts","types.ts","features",4.31,#16e0a9,8
"features/dashboard/transactions/components/TransactionsTable/utils/formatters.ts","formatters.ts","features",3.82,#16e0a9,2
"features/dashboard/transactions/components/TransactionsTable/utils/index.ts","index.ts","features",2.85,#16e0a9,2
"features/dashboard/transactions/components/hooks/useTransactionActions.ts","useTransactionActions.ts","features",4.03,#16e0a9,1
"features/dashboard/transactions/components/index.ts","index.ts","features",4.44,#16e0a9,10
"features/dashboard/transactions/index.tsx","index.tsx","features",3.77,#16e0a9,4
"features/dashboard/transactions/layouts/TransactionsGrid/components/TransactionsContent.tsx","TransactionsContent.tsx","features",4.89,#16e0a9,3
"features/dashboard/transactions/layouts/TransactionsGrid/components/TransactionsStats.tsx","TransactionsStats.tsx","features",3.09,#16e0a9,1
"features/dashboard/transactions/layouts/TransactionsGrid/components/index.ts","index.ts","features",3.17,#16e0a9,3
"features/dashboard/transactions/layouts/TransactionsGrid/config/index.ts","index.ts","features",2.73,#16e0a9,1
"features/dashboard/transactions/layouts/TransactionsGrid/config/transactions.config.ts","transactions.config.ts","features",5.13,#16e0a9,2
"features/dashboard/transactions/layouts/TransactionsGrid/hooks/index.ts","index.ts","features",3.19,#16e0a9,3
"features/dashboard/transactions/layouts/TransactionsGrid/hooks/useTransactionsState.ts","useTransactionsState.ts","features",5.32,#16e0a9,2
"features/dashboard/transactions/layouts/TransactionsGrid/hooks/useTransactionsStats.tsx","useTransactionsStats.tsx","features",4.55,#16e0a9,3
"features/dashboard/transactions/layouts/TransactionsGrid/index.tsx","index.tsx","features",5.80,#16e0a9,4
"features/dashboard/transactions/layouts/index.ts","index.ts","features",2.83,#16e0a9,2
"features/dashboard/transactions/shared/index.ts","index.ts","features",3.94,#16e0a9,8
"features/dashboard/transactions/shared/types.ts","types.ts","features",3.73,#16e0a9,1
"features/dashboard/ui-component/UIComponentContent.tsx","UIComponentContent.tsx","features",4.59,#16e0a9,2
"features/dashboard/ui-component/UIComponentHeader.tsx","UIComponentHeader.tsx","features",3.61,#16e0a9,1
"features/dashboard/ui-component/components/DemoCard.tsx","DemoCard.tsx","features",5.35,#16e0a9,22
"features/dashboard/ui-component/components/demos/AvatarDemo.tsx","AvatarDemo.tsx","features",5.01,#16e0a9,2
"features/dashboard/ui-component/components/demos/BadgeDemo.tsx","BadgeDemo.tsx","features",4.89,#16e0a9,2
"features/dashboard/ui-component/components/demos/ButtonDemo.tsx","ButtonDemo.tsx","features",4.30,#16e0a9,2
"features/dashboard/ui-component/components/demos/CalendarDemo.tsx","CalendarDemo.tsx","features",4.26,#16e0a9,2
"features/dashboard/ui-component/components/demos/CardDemo.tsx","CardDemo.tsx","features",4.81,#16e0a9,2
"features/dashboard/ui-component/components/demos/CheckboxDemo.tsx","CheckboxDemo.tsx","features",4.90,#16e0a9,2
"features/dashboard/ui-component/components/demos/CountrySelectDemo.tsx","CountrySelectDemo.tsx","features",4.28,#16e0a9,2
"features/dashboard/ui-component/components/demos/DatePickerDemo.tsx","DatePickerDemo.tsx","features",4.72,#16e0a9,2
"features/dashboard/ui-component/components/demos/DialogDemo.tsx","DialogDemo.tsx","features",4.90,#16e0a9,2
"features/dashboard/ui-component/components/demos/DraggableStatCardsDemo.tsx","DraggableStatCardsDemo.tsx","features",4.02,#16e0a9,2
"features/dashboard/ui-component/components/demos/DropdownDemo.tsx","DropdownDemo.tsx","features",5.53,#16e0a9,2
"features/dashboard/ui-component/components/demos/IconButtonDemo.tsx","IconButtonDemo.tsx","features",4.11,#16e0a9,2
"features/dashboard/ui-component/components/demos/InputDemo.tsx","InputDemo.tsx","features",4.28,#16e0a9,2
"features/dashboard/ui-component/components/demos/PaginationDemo.tsx","PaginationDemo.tsx","features",4.64,#16e0a9,2
"features/dashboard/ui-component/components/demos/PhoneInputDemo.tsx","PhoneInputDemo.tsx","features",4.43,#16e0a9,2
"features/dashboard/ui-component/components/demos/PopoverDemo.tsx","PopoverDemo.tsx","features",5.31,#16e0a9,2
"features/dashboard/ui-component/components/demos/SelectDemo.tsx","SelectDemo.tsx","features",4.97,#16e0a9,2
"features/dashboard/ui-component/components/demos/SheetDemo.tsx","SheetDemo.tsx","features",5.37,#16e0a9,2
"features/dashboard/ui-component/components/demos/SwitchDemo.tsx","SwitchDemo.tsx","features",4.54,#16e0a9,2
"features/dashboard/ui-component/components/demos/TableDemo.tsx","TableDemo.tsx","features",5.37,#16e0a9,2
"features/dashboard/ui-component/components/demos/TabsDemo.tsx","TabsDemo.tsx","features",5.38,#16e0a9,2
"features/dashboard/ui-component/components/demos/TooltipDemo.tsx","TooltipDemo.tsx","features",5.08,#16e0a9,2
"features/dashboard/ui-component/components/demos/index.ts","index.ts","features",5.60,#16e0a9,23
"features/dashboard/ui-component/index.ts","index.ts","features",2.99,#16e0a9,2
"features/index.ts","index.ts","features",2.89,#16e0a9,2
"gas.ts","gas.ts","other",4.49,#5a5a78,4
"growth-agent/agent-identity.ts","agent-identity.ts","growth-agent",6.84,#ff66c4,7
"growth-agent/skills/approval-pipeline.ts","approval-pipeline.ts","growth-agent",8.03,#ff66c4,9
"growth-agent/skills/content.ts","content.ts","growth-agent",5.30,#ff66c4,3
"growth-agent/skills/daily-log.ts","daily-log.ts","growth-agent",6.80,#ff66c4,12
"growth-agent/skills/engagement-fetcher.ts","engagement-fetcher.ts","growth-agent",5.88,#ff66c4,2
"growth-agent/skills/knowledge-engine.ts","knowledge-engine.ts","growth-agent",6.37,#ff66c4,2
"growth-agent/skills/learning-loop.ts","learning-loop.ts","growth-agent",4.84,#ff66c4,1
"growth-agent/skills/market-watcher.ts","market-watcher.ts","growth-agent",6.09,#ff66c4,3
"growth-agent/skills/moltbook.ts","moltbook.ts","growth-agent",5.07,#ff66c4,3
"growth-agent/skills/quality-gate.ts","quality-gate.ts","growth-agent",6.55,#ff66c4,4
"growth-agent/skills/script-engine.ts","script-engine.ts","growth-agent",7.64,#ff66c4,5
"growth-agent/skills/telegram.ts","telegram.ts","growth-agent",4.97,#ff66c4,9
"growth-agent/skills/thought-engine.ts","thought-engine.ts","growth-agent",6.99,#ff66c4,3
"growth-agent/skills/tiktok.ts","tiktok.ts","growth-agent",5.85,#ff66c4,3
"growth-agent/skills/twitter-watcher.ts","twitter-watcher.ts","growth-agent",5.24,#ff66c4,2
"growth-agent/skills/twitter.ts","twitter.ts","growth-agent",4.43,#ff66c4,2
"heimdall/compound-detector.ts","compound-detector.ts","heimdall",6.71,#ff8c42,4
"heimdall/core.ts","core.ts","heimdall",7.42,#ff8c42,13
"heimdall/critical-finding.ts","critical-finding.ts","heimdall",4.92,#ff8c42,1
"heimdall/egress.ts","egress.ts","heimdall",5.42,#ff8c42,3
"heimdall/fs-guard.ts","fs-guard.ts","heimdall",6.02,#ff8c42,3
"heimdall/heim-105b-scanner.ts","heim-105b-scanner.ts","heimdall",5.56,#ff8c42,1
"heimdall/heim-202-scanner.ts","heim-202-scanner.ts","heimdall",4.79,#ff8c42,1
"heimdall/index.ts","index.ts","heimdall",6.71,#ff8c42,21
"heimdall/log-scanner.ts","log-scanner.ts","heimdall",5.16,#ff8c42,3
"heimdall/mass-write-counter.ts","mass-write-counter.ts","heimdall",4.90,#ff8c42,3
"heimdall/merkle-manifest.ts","merkle-manifest.ts","heimdall",5.88,#ff8c42,2
"heimdall/reasoning-detectors.ts","reasoning-detectors.ts","heimdall",5.29,#ff8c42,2
"heimdall/tx-cap.ts","tx-cap.ts","heimdall",5.28,#ff8c42,2
"heimdall/watchdog.ts","watchdog.ts","heimdall",5.43,#ff8c42,6
"hl-routes.ts","hl-routes.ts","core-be",7.13,#ff6b6b,3
"hl-vault-client.ts","hl-vault-client.ts","core-be",5.52,#ff6b6b,1
"hooks/index.ts","index.ts","hooks",2.99,#b8e986,2
"hooks/useChartDownload.ts","useChartDownload.ts","hooks",3.73,#b8e986,1
"hooks/useOnlineStatus.ts","useOnlineStatus.ts","hooks",3.17,#b8e986,1
"huginn/index.ts","index.ts","huginn",7.45,#d4af37,8
"hype-bridge.ts","hype-bridge.ts","core-be",5.37,#ff6b6b,4
"hyperliquid-client.ts","hyperliquid-client.ts","other",6.11,#5a5a78,1
"i18n/ProgressLink.tsx","ProgressLink.tsx","i18n",3.68,#ffd166,2
"i18n/navigation.ts","navigation.ts","i18n",3.34,#ffd166,2
"i18n/request.ts","request.ts","i18n",3.91,#ffd166,1
"i18n/routing.ts","routing.ts","i18n",3.63,#ffd166,5
"index.ts","index.ts","core-be",10.86,#ff6b6b,35
"issuer-mapping.ts","issuer-mapping.ts","other",5.15,#5a5a78,2
"issuer-sync.ts","issuer-sync.ts","other",5.85,#5a5a78,6
"issuers.ts","issuers.ts","core-be",6.43,#ff6b6b,8
"jupiter-client.ts","jupiter-client.ts","other",6.49,#5a5a78,4
"layouts/Header/HeaderMenuContext.tsx","HeaderMenuContext.tsx","layouts",3.51,#c770f0,1
"layouts/Header/components/Breadcrumbs.tsx","Breadcrumbs.tsx","layouts",4.58,#c770f0,2
"layouts/Header/components/ConnectWallet.tsx","ConnectWallet.tsx","layouts",4.97,#c770f0,1
"layouts/Header/components/HeaderActions/index.tsx","index.tsx","layouts",3.34,#c770f0,1
"layouts/Header/components/LanguageSelector/index.tsx","index.tsx","layouts",3.08,#c770f0,2
"layouts/Header/components/NotificationsDropdown/components/NotificationFooter.tsx","NotificationFooter.tsx","layouts",3.36,#c770f0,1
"layouts/Header/components/NotificationsDropdown/components/NotificationHeader.tsx","NotificationHeader.tsx","layouts",3.40,#c770f0,1
"layouts/Header/components/NotificationsDropdown/components/NotificationItem.tsx","NotificationItem.tsx","layouts",4.73,#c770f0,4
"layouts/Header/components/NotificationsDropdown/components/NotificationList.tsx","NotificationList.tsx","layouts",4.16,#c770f0,4
"layouts/Header/components/NotificationsDropdown/components/NotificationTrigger.tsx","NotificationTrigger.tsx","layouts",3.63,#c770f0,1
"layouts/Header/components/NotificationsDropdown/components/NotificationsModal.tsx","NotificationsModal.tsx","layouts",4.51,#c770f0,3
"layouts/Header/components/NotificationsDropdown/components/index.ts","index.ts","layouts",3.99,#c770f0,7
"layouts/Header/components/NotificationsDropdown/config.ts","config.ts","layouts",3.31,#c770f0,2
"layouts/Header/components/NotificationsDropdown/hooks/index.ts","index.ts","layouts",3.16,#c770f0,3
"layouts/Header/components/NotificationsDropdown/hooks/useClickOutside.ts","useClickOutside.ts","layouts",3.38,#c770f0,1
"layouts/Header/components/NotificationsDropdown/hooks/useNotifications.ts","useNotifications.ts","layouts",4.55,#c770f0,2
"layouts/Header/components/NotificationsDropdown/index.tsx","index.tsx","layouts",4.95,#c770f0,3
"layouts/Header/components/NotificationsDropdown/types.ts","types.ts","layouts",3.79,#c770f0,5
"layouts/Header/components/ThemeToggle/index.tsx","index.tsx","layouts",3.94,#c770f0,1
"layouts/Header/components/UserDropdown/index.tsx","index.tsx","layouts",3.94,#c770f0,2
"layouts/Header/components/UserDropdown/useUserMenuItems.tsx","useUserMenuItems.tsx","layouts",4.09,#c770f0,2
"layouts/Header/components/index.ts","index.ts","layouts",4.09,#c770f0,8
"layouts/Header/index.tsx","index.tsx","layouts",4.56,#c770f0,3
"layouts/Sidebar/SidebarProof.tsx","SidebarProof.tsx","layouts",5.54,#c770f0,2
"layouts/Sidebar/components/SidebarItem.tsx","SidebarItem.tsx","layouts",4.54,#c770f0,3
"layouts/Sidebar/components/SidebarLogo.tsx","SidebarLogo.tsx","layouts",3.60,#c770f0,2
"layouts/Sidebar/components/SidebarLogout.tsx","SidebarLogout.tsx","layouts",3.61,#c770f0,1
"layouts/Sidebar/components/SidebarNavigation.tsx","SidebarNavigation.tsx","layouts",5.37,#c770f0,3
"layouts/Sidebar/components/SidebarProfile.tsx","SidebarProfile.tsx","layouts",4.66,#c770f0,2
"layouts/Sidebar/components/SidebarToggle.tsx","SidebarToggle.tsx","layouts",3.49,#c770f0,1
"layouts/Sidebar/components/index.ts","index.ts","layouts",3.99,#c770f0,7
"layouts/Sidebar/config/index.ts","index.ts","layouts",3.09,#c770f0,3
"layouts/Sidebar/config/navigation.config.tsx","navigation.config.tsx","layouts",5.48,#c770f0,5
"layouts/Sidebar/config/sidebar.config.ts","sidebar.config.ts","layouts",3.30,#c770f0,2
"layouts/Sidebar/hooks/index.ts","index.ts","layouts",2.83,#c770f0,2
"layouts/Sidebar/hooks/useSidebarState.ts","useSidebarState.ts","layouts",4.09,#c770f0,2
"layouts/Sidebar/index.tsx","index.tsx","layouts",4.58,#c770f0,5
"layouts/Sidebar/types.ts","types.ts","layouts",4.01,#c770f0,4
"layouts/index.ts","index.ts","layouts",2.96,#c770f0,2
"lib/chains.ts","chains.ts","lib",3.95,#4dd0e1,1
"lib/dedup.ts","dedup.ts","lib",5.06,#4dd0e1,3
"lib/token-audit.ts","token-audit.ts","lib",5.00,#4dd0e1,1
"lz-reserve-monitor.ts","lz-reserve-monitor.ts","other",5.58,#5a5a78,2
"market-feeds.ts","market-feeds.ts","other",6.96,#5a5a78,4
"market-oracle.ts","market-oracle.ts","other",5.65,#5a5a78,2
"middleware.ts","middleware.ts","other",3.21,#5a5a78,1
"monitor.ts","monitor.ts","core-be",8.95,#ff6b6b,12
"native-price.ts","native-price.ts","other",5.18,#5a5a78,5
"nonce-manager.ts","nonce-manager.ts","other",5.94,#5a5a78,4
"nuro-routes.ts","nuro-routes.ts","core-be",14.98,#ff6b6b,22
"oauth-verify.ts","oauth-verify.ts","other",4.87,#5a5a78,1
"oneinch-client.ts","oneinch-client.ts","other",4.91,#5a5a78,1
"ops-alerts.ts","ops-alerts.ts","other",5.24,#5a5a78,3
"plaid-client.ts","plaid-client.ts","other",5.35,#5a5a78,2
"polymarket.ts","polymarket.ts","other",5.12,#5a5a78,4
"providers/BackendUserSync.tsx","BackendUserSync.tsx","providers",4.04,#9b8cff,1
"providers/PrivyAuthSync.tsx","PrivyAuthSync.tsx","providers",3.67,#9b8cff,1
"providers/PrivyInnerProviders.tsx","PrivyInnerProviders.tsx","providers",3.31,#9b8cff,2
"providers/PrivyRuntimeContext.tsx","PrivyRuntimeContext.tsx","providers",3.46,#9b8cff,2
"providers/Providers.tsx","Providers.tsx","providers",5.02,#9b8cff,6
"providers/ReduxProvider.tsx","ReduxProvider.tsx","providers",3.30,#9b8cff,2
"providers/ThemeContext.tsx","ThemeContext.tsx","providers",4.50,#9b8cff,2
"providers/index.ts","index.ts","providers",4.19,#9b8cff,8
"providers/progressBarProvider.tsx","progressBarProvider.tsx","providers",3.79,#9b8cff,2
"proxy.ts","proxy.ts","other",3.00,#5a5a78,1
"quote-aggregator.ts","quote-aggregator.ts","other",6.09,#5a5a78,5
"reputation.ts","reputation.ts","core-be",7.09,#ff6b6b,4
"sandbox/db.ts","db.ts","sandbox",5.77,#b88968,2
"sandbox/orchestrator.ts","orchestrator.ts","sandbox",6.84,#b88968,4
"sandbox/routes.ts","routes.ts","sandbox",6.27,#b88968,3
"sandbox/scope.ts","scope.ts","sandbox",5.32,#b88968,2
"scanners/cctp-doc-scanner.ts","cctp-doc-scanner.ts","scanners",5.28,#c0392b,2
"scanners/external-doc-monitor.ts","external-doc-monitor.ts","scanners",6.60,#c0392b,5
"scanners/lz-doc-scanner.ts","lz-doc-scanner.ts","scanners",5.21,#c0392b,2
"solana-bridge.ts","solana-bridge.ts","other",5.70,#5a5a78,4
"store/slices/authSlice.ts","authSlice.ts","other",4.40,#5a5a78,1
"store/slices/dashboardSlice.ts","dashboardSlice.ts","other",3.72,#5a5a78,1
"store/slices/transactionSlice.ts","transactionSlice.ts","other",4.43,#5a5a78,1
"store/store.ts","store.ts","other",3.66,#5a5a78,3
"swap.ts","swap.ts","core-be",7.84,#ff6b6b,7
"types.ts","types.ts","other",3.62,#5a5a78,2
"wallet-portfolio-routes.ts","wallet-portfolio-routes.ts","other",7.19,#5a5a78,1
"webhook-verify.ts","webhook-verify.ts","other",4.77,#5a5a78,2
"yields-llama-client.ts","yields-llama-client.ts","other",4.59,#5a5a78,1